img,title,console,genre,publisher,developer,vg_score,critic_score,user_score,total_shipped,total_sales,na_sales,jp_sales,pal_sales,other_sales,release_date,last_update
/games/boxart/full_5741036AmericaFrontccc.jpg,God of War,Series,Action,Sony Interactive Entertainment,SIE Santa Monica Studio,,,,76.55,,,,,,2005-03-22,2020-03-04
/games/boxart/full_3351915AmericaFrontccc.jpg,Warriors,Series,Action,KOEI,Omega Force,,,,50.45,,,,,,1997-06-30,2020-03-24
/games/boxart/full_6662824AmericaFrontccc.png,Devil May Cry,Series,Action,Capcom,Capcom,,,,32.0,,,,,,2001-10-16,2020-02-03
/games/boxart/full_8122622AmericaFrontccc.jpg,God of War (2018),All,Action,Sony Interactive Entertainment,SIE Santa Monica Studio,,,,23.52,,,,,,2018-04-20,2022-11-23
/games/boxart/full_6138740AmericaFrontccc.jpg,Dynasty Warriors,Series,Action,KOEI,Omega Force,,,,21.28,,,,,,1997-06-30,2020-03-24
/games/boxart/full_3094030AmericaFrontccc.jpg,God of War (2018),PS4,Action,Sony Interactive Entertainment,SIE Santa Monica Studio,9.0,9.7,10.0,21.02,,,,,,2018-04-20,2022-05-26
/games/boxart/full_6510540AmericaFrontccc.jpg,Grand Theft Auto V,PS3,Action,Rockstar Games,Rockstar North,9.5,9.4,,,20.32,6.37,0.99,9.85,3.12,2013-09-17,
/games/boxart/full_6800951AmericaFrontccc.jpg,Frogger,Series,Action,Konami,Konami,,,,20.0,,,,,,1981-10-23,2020-02-26
/games/boxart/full_5563178AmericaFrontccc.jpg,Grand Theft Auto V,PS4,Action,Rockstar Games,Rockstar North,,9.7,,,19.39,6.06,0.6,9.71,3.02,2014-11-18,2018-01-03
/games/boxart/full_2804791AmericaFrontccc.jpg,Uncharted 4: A Thief's End,PS4,Action,Sony Interactive Entertainment,Naughty Dog,,9.2,,18.65,,,,,,2016-05-10,2018-09-23
/games/boxart/3887656ccc.jpg,Grand Theft Auto: San Andreas,PS2,Action,Rockstar Games,Rockstar North,,9.5,,17.3,,,,,,2004-10-26,
/games/boxart/827563ccc.jpg,Grand Theft Auto: Vice City,PS2,Action,Rockstar Games,Rockstar North,,9.6,,,16.15,8.41,0.47,5.49,1.78,2002-10-28,
/games/boxart/full_9218923AmericaFrontccc.jpg,Grand Theft Auto V,X360,Action,Rockstar Games,Rockstar North,,,,,15.86,9.06,0.06,5.33,1.42,2013-09-17,
/games/boxart/full_7818120AmericaFrontccc.jpg,God of War: Ragnarök,All,Action,Sony Interactive Entertainment,Sony Computer Entertainment,,,,15.0,,,,,,2022-11-09,2022-11-23
/games/boxart/full_7549567AmericaFrontccc.jpg,Maneater,All,Action,Tripwire Interactive,Tripwire Interactive,,,,14.0,,,,,,2021-05-25,2024-05-07
/games/boxart/3570928ccc.jpg,Grand Theft Auto III,PS2,Action,Rockstar Games,DMA Design,,9.5,,,13.1,6.99,0.3,4.51,1.3,2001-10-23,
/games/boxart/full_9031276AmericaFrontccc.jpg,Grand Theft Auto V,PC,Action,Rockstar Games,Rockstar North,,,,12.6,,,,,,2015-04-14,2018-11-02
/games/boxart/full_1182151AmericaFrontccc.jpg,Grand Theft Auto IV,X360,Action,Rockstar Games,Rockstar North,9.0,10.0,,,11.09,6.8,0.14,3.11,1.04,2008-04-29,
/games/boxart/full_1729769AmericaFrontccc.jpg,Grand Theft Auto IV,PS3,Action,Rockstar Games,Rockstar North,9.0,10.0,9.0,,10.57,4.79,0.44,3.73,1.62,2008-04-29,
/games/boxart/full_423137AmericaFrontccc.jpg,The Last of Us Part II,PS4,Action,Sony Interactive Entertainment,Naughty Dog,7.0,9.4,,10.3,,,,,,2020-06-19,2020-07-25
/games/boxart/full_3769410AmericaFrontccc.jpg,Dead Cells,All,Action,Motion Twin,Motion Twin,,,,10.0,,,,,,2018-08-07,2020-10-09
/games/boxart/full_421168AmericaFrontccc.jpg,Uncharted: The Nathan Drake Collection,PS4,Action,Sony Computer Entertainment,Bluepoint Games,,,,9.98,,,,,,2015-10-07,
/games/boxart/full_8886048AmericaFrontccc.jpg,The Binding of Isaac,Series,Action,Edmund McMillen,Edmund McMillen,,,,9.93,,,,,,2011-09-28,2020-03-23
/games/boxart/full_uncharted-3-drakes-deception_174AmericaFront.jpg,Uncharted 3: Drake's Deception,PS3,Action,Sony Computer Entertainment,Naughty Dog,9.0,9.3,6.3,9.3,,,,,,2011-11-01,
/games/boxart/full_9724978AmericaFrontccc.jpg,Ninja Gaiden,Series,Action,Tecmo,Tecmo,,,,8.96,,,,,,1988-10-01,2021-01-23
/games/boxart/full_8047513AmericaFrontccc.jpg,Grand Theft Auto V,XOne,Action,Rockstar Games,Rockstar North,,9.0,9.0,,8.72,4.7,0.01,3.25,0.76,2014-11-18,2018-04-11
/games/boxart/full_6435755AmericaFrontccc.jpg,Devil May Cry 5,All,Action,Capcom,Capcom,,,,8.4,,,,,,2019-03-08,2020-10-11
/games/boxart/full_3182726AmericaFrontccc.jpg,Harry Potter and the Sorcerer's Stone,PS,Action,Electronic Arts,Argonaut Games,,8.0,,8.0,,,,,,2001-11-15,
/games/boxart/full_513702AmericaFrontccc.png,Samurai Warriors,Series,Action,KOEI,Omega Force,,,,8.0,,,,,,2004-05-06,2020-02-15
/games/boxart/1340019ccc.jpg,Grand Theft Auto: Liberty City Stories,PSP,Action,Rockstar Games,Rockstar Leeds,,8.8,,,7.72,2.9,0.24,2.83,1.74,2005-10-25,
/games/boxart/full_3803324AmericaFrontccc.jpg,God of War III,PS3,Action,Sony Computer Entertainment,SCEA Santa Monica Studio,9.4,9.2,9.4,7.6,,,,,,2010-03-16,
/games/boxart/full_the-binding-of-isaac_366AmericaFront.jpg,The Binding of Isaac,PC,Action,Edmund McMillen,Edmund McMillen,,8.3,,7.17,,,,,,2011-09-28,2018-12-01
/games/boxart/full_2350454AmericaFrontccc.jpg,Uncharted 2: Among Thieves,PS3,Action,Sony Computer Entertainment,Naughty Dog,9.2,9.5,9.6,,6.74,3.28,0.21,2.22,1.02,2009-10-13,
/games/boxart/full_7375558AmericaFrontccc.jpg,Red Dead Redemption,PS3,Action,Rockstar Games,Rockstar San Diego,9.1,9.5,,,6.57,2.82,0.17,2.58,1.0,2011-10-11,
/games/boxart/full_2634795AmericaFrontccc.jpg,Red Dead Redemption,X360,Action,Rockstar Games,Rockstar San Diego,9.1,9.5,10.0,,6.5,3.77,0.09,2.03,0.6,2010-05-18,
/games/boxart/7411582ccc.jpg,Driver,PS,Action,GT Interactive,Reflections Interactive,,8.5,,,6.27,3.11,0.02,2.8,0.33,1999-06-30,
/games/boxart/full_6263363AmericaFrontccc.jpg,Bayonetta,Series,Action,Sega,PlatinumGames,,,,6.24,,,,,,2010-01-05,2020-11-24
/games/boxart/full_3722346AmericaFrontccc.jpg,Devil May Cry 4,All,Action,Capcom,Capcom,,,,5.8,,,,,,2008-02-05,2020-10-11
/games/boxart/full_2958031AmericaFrontccc.jpg,LEGO Star Wars: The Complete Saga,Wii,Action,LucasArts,Traveller's Tales,,8.0,,,5.66,3.57,,1.57,0.52,2007-11-06,
/games/boxart/full_2704497AmericaFrontccc.jpg,God of War III Remastered,PS4,Action,Sony Computer Entertainment,SCEA Santa Monica Studio,,,,5.62,,,,,,2015-07-14,2018-12-03
/games/boxart/full_5252150AmericaFrontccc.jpg,Assassin's Creed II,PS3,Action,Ubisoft,Ubisoft Montreal,9.0,9.0,,,5.57,2.54,0.21,1.95,0.86,2009-11-17,2018-01-03
/games/boxart/full_7562642AmericaFrontccc.jpg,Assassin's Creed,X360,Action,Ubisoft,Ubisoft Montreal,7.5,8.2,8.0,,5.55,3.28,0.07,1.64,0.56,2007-11-13,
/games/boxart/full_batman-arkham-city_591AmericaFront.jpg,Batman: Arkham City,PS3,Action,Warner Bros. Interactive,Rocksteady Studios,9.5,9.6,,,5.54,2.72,0.11,1.89,0.82,2011-10-18,
/games/boxart/full_5321723AmericaFrontccc.jpg,Tomb Raider (2013),PC,Action,Square Enix,Crystal Dynamics,,8.8,,5.5,,,,,,2013-03-05,2018-01-06
/games/boxart/full_727021AmericaFrontccc.png,Uncharted: The Lost Legacy,PS4,Action,Sony Interactive Entertainment,Naughty Dog,,,,5.34,,,,,,2017-08-22,
/games/boxart/full_8353337AmericaFrontccc.jpg,Assassin's Creed II,X360,Action,Ubisoft,Ubisoft Montreal,9.0,9.1,,,5.3,3.14,0.08,1.55,0.52,2009-11-17,
/games/boxart/full_989928AmericaFrontccc.jpg,Resident Evil 5,PS3,Action,Capcom,Capcom,8.4,8.6,8.8,,5.1,1.96,1.08,1.42,0.64,2009-03-13,
/games/boxart/full_1162504AmericaFrontccc.jpg,Grand Theft Auto: Vice City Stories,PSP,Action,Rockstar Games,Rockstar Leeds,,8.4,,,5.08,1.7,0.16,2.03,1.19,2006-10-31,
/games/boxart/full_5597924AmericaFrontccc.jpg,Dead by Daylight,All,Action,Behaviour Interactive,Behaviour Interactive,,,,5.0,,,,,,2016-06-14,2021-02-08
/games/boxart/full_6602824AmericaFrontccc.jpg,Ghostbusters,Series,Action,Activision,Activision,,,,5.0,,,,,,1984-10-26,2023-08-11
/games/boxart/full_8948277AmericaFrontccc.jpg,Hyrule Warriors,Series,Action,Nintendo,Omega Force,,,,5.0,,,,,,2014-09-26,2020-11-24
/games/boxart/full_7863698AmericaFrontccc.jpg,Uncharted: Drake's Fortune,PS3,Action,Sony Computer Entertainment,Naughty Dog,8.7,8.7,8.6,,4.97,2.32,0.12,1.73,0.8,2007-11-16,
/games/boxart/full_3891455AmericaFrontccc.jpg,Resident Evil 2,PS,Action,Capcom,Capcom,,9.3,,4.96,,,,,,1998-01-21,
/games/boxart/full_2363378AmericaFrontccc.jpg,Assassin's Creed,PS3,Action,Ubisoft,Ubisoft Montreal,7.5,8.2,8.5,,4.83,1.91,0.09,2.01,0.82,2007-11-13,
/games/boxart/full_5884504AmericaFrontccc.jpg,LEGO Star Wars: The Complete Saga,DS,Action,LucasArts,Traveller's Tales,,7.8,,,4.77,2.83,,1.49,0.45,2007-11-06,
/games/boxart/full_batman-arkham-city_302AmericaFront.jpg,Batman: Arkham City,X360,Action,Warner Bros. Interactive,Rocksteady Studios,,9.5,,,4.75,2.99,0.04,1.28,0.44,2011-10-18,
/games/boxart/full_6536899AmericaFrontccc.jpg,Driver 2,PS,Action,Atari,Reflections Interactive,,7.0,,,4.73,2.36,0.02,2.1,0.25,2000-11-13,
/games/boxart/8307809ccc.jpg,The Lord of the Rings: The Two Towers,PS2,Action,Electronic Arts,Stormfront Studios,,8.3,,,4.67,1.94,0.08,1.95,0.7,2002-10-21,
/games/boxart/8585565ccc.jpg,Tomb Raider,PS,Action,Eidos Interactive,Core Design Ltd.,,8.9,,,4.63,2.29,0.13,1.97,0.24,1996-11-14,
/games/boxart/full_5633331AmericaFrontccc.jpg,God of War,PS2,Action,Sony Computer Entertainment,SCEA Santa Monica Studio,,9.3,,4.62,,,,,,2005-03-22,
/games/boxart/full_dead-island_410AmericaFront.jpg,Dead Island,PC,Action,Deep Silver,Techland,,7.1,,4.52,,,,,,2011-09-06,
/games/boxart/full_9938269AmericaFrontccc.jpg,DmC: Devil May Cry,All,Action,Capcom,Ninja Theory,,,,4.5,,,,,,2013-01-15,2020-10-10
/games/boxart/full_9484527AmericaFrontccc.jpg,Spider-Man: The Movie,PS2,Action,Activision,Treyarch,,8.2,,,4.48,2.71,0.03,1.51,0.23,2002-04-15,
/games/boxart/full_1341854AmericaFrontccc.jpg,Dragon Ball: Xenoverse 2,PS4,Action,Namco Bandai Games,Dimps Corporation,,7.1,,4.47,,,,,,2016-10-25,2018-03-03
/games/boxart/full_1311455AmericaFrontccc.jpg,Monster Hunter Generations,3DS,Action,Capcom,Capcom,,8.8,,4.3,,,,,,2016-07-15,2018-01-30
/games/boxart/full_8831048AmericaFrontccc.jpg,Batman: Arkham Asylum,PS3,Action,Eidos Interactive,Rocksteady Studios,9.1,9.0,,,4.28,2.26,0.07,1.33,0.63,2009-08-25,
/games/boxart/full_9897259AmericaFrontccc.jpg,God of War II,PS2,Action,Sony Computer Entertainment,SCEA Santa Monica Studio,,9.3,9.8,4.24,,,,,,2007-03-13,
/games/boxart/full_assassins-creed-revelations_212AmericaFront.jpg,Assassin's Creed: Revelations,PS3,Action,Ubisoft,Ubisoft Montreal,7.1,8.8,,,4.23,1.41,0.1,2.03,0.69,2011-11-15,
/games/boxart/full_assassins-creed-revelations_328AmericaFront.jpg,Assassin's Creed: Revelations,X360,Action,Ubisoft,Ubisoft Montreal,,7.9,,,4.22,2.28,0.04,1.47,0.44,2011-11-15,
/games/boxart/full_8931458AmericaFrontccc.jpg,7 Days to Die,PC,Action,The Fun Pimps,The Fun Pimps,,,,4.18,,,,,,2013-12-13,2018-05-31
/games/boxart/full_2386162AmericaFrontccc.jpg,Just Cause 2,PC,Action,Eidos Interactive,Avalanche Studios,7.8,8.2,,4.16,,,,,,2010-03-23,
/games/boxart/full_8811836AmericaFrontccc.jpg,Frogger,PS,Action,Hasbro Interactive,Millenium Interactive,,,,,4.16,3.79,,0.27,0.11,1997-09-30,
/games/boxart/full_9858108AmericaFrontccc.jpg,Assassin's Creed: Unity,PS4,Action,Ubisoft,Ubisoft Montreal,,,,,4.14,1.25,0.09,2.16,0.65,2014-11-11,2018-05-04
/games/boxart/full_2497280AmericaFrontccc.jpg,Batman: Arkham Knight,PS4,Action,Warner Bros. Interactive,Rocksteady Studios,,8.1,,,4.11,1.65,0.11,1.68,0.66,2015-06-23,2018-01-04
/games/boxart/full_2603765AmericaFrontccc.png,Sengoku BASARA,Series,Action,Capcom,Capcom,,,,4.1,,,,,,2005-10-12,2020-02-04
/games/boxart/full_9947060AmericaFrontccc.jpg,Assassin's Creed Origins,PS4,Action,Ubisoft,Ubisoft Montreal,,,,,4.06,1.22,0.11,2.11,0.63,2017-10-27,2018-01-10
/games/boxart/7351891ccc.jpg,Frogger,2600,Action,Parker Bros.,Konami,,,,4.0,,,,,,1982-01-01,
/games/boxart/full_9031364AmericaFrontccc.jpg,Hyrule Warriors: Age of Calamity,NS,Action,Nintendo,Koei Tecmo Games,5.0,9.0,,4.0,,,,,,2020-11-20,2020-09-12
/games/boxart/full_9898553AmericaFrontccc.png,Monster Hunter: World,PS4,Action,Capcom,Capcom,,9.3,9.0,4.0,,,,,,2018-01-26,2018-01-30
/games/boxart/full_4708606AmericaFrontccc.png,Super Mario Run,iOS,Action,Nintendo,Nintendo,,,,4.0,,,,,,2016-12-15,
/games/boxart/full_5389420AmericaFrontccc.jpg,The Lord of the Rings: The Two Towers,All,Action,Electronic Arts,Stormfront Studios,,,,4.0,,,,,,2002-10-21,2020-12-03
/games/boxart/full_2414906AmericaFrontccc.jpg,Far Cry 5,PS4,Action,Ubisoft,Ubisoft,,7.9,,,3.95,1.44,0.15,1.73,0.62,2018-03-27,2018-02-28
/games/boxart/full_6517784AmericaFrontccc.png,Resident Evil VII: Biohazard,PS4,Action,Capcom,Capcom,,8.6,,3.83,,,,,,2017-01-24,2018-11-06
/games/boxart/full_8195643AmericaFrontccc.jpg,Diablo III: Reaper of Souls,PC,Action,Blizzard Entertainment,Blizzard Entertainment,,,,3.7,,,,,,2014-03-25,2019-01-10
/games/boxart/full_7813881AmericaFrontccc.png,Bayonetta,All,Action,Sega,PlatinumGames,,,,3.66,,,,,,2010-01-05,2020-11-24
/games/boxart/full_626152AmericaFrontccc.jpg,Dead Rising 3,XOne,Action,Microsoft Studios,Capcom,7.9,,,3.6,,,,,,2013-11-22,2018-03-24
/games/boxart/full_7518379AmericaFrontccc.jpg,Assassin's Creed Syndicate,PS4,Action,Ubisoft,Ubisoft Quebec,,8.6,,,3.6,0.9,0.08,2.06,0.55,2015-10-23,2018-05-04
/games/boxart/full_8320518AmericaFrontccc.jpg,Assassin's Creed: Unity,XOne,Action,Ubisoft,Ubisoft Montreal,,,,,3.58,2.34,0.0,0.9,0.34,2014-11-11,2018-05-04
/games/boxart/full_1027141AmericaFrontccc.jpg,Grand Theft Auto: Liberty City Stories,PS2,Action,Rockstar Games,Rockstar Leeds,,8.3,,,3.54,1.56,0.07,1.4,0.5,2006-06-06,
/games/boxart/9254920ccc.jpg,The Getaway,PS2,Action,Sony Computer Entertainment,Team Soho,,7.7,,,3.54,1.23,0.05,1.77,0.49,2003-01-19,
/games/boxart/full_1668550AmericaFrontccc.jpg,Batman: Arkham Asylum,X360,Action,Eidos Interactive,Rocksteady Studios,9.0,9.1,,,3.54,2.24,0.02,0.95,0.33,2009-08-25,
/games/boxart/full_assassins-creed-brotherhood_1AmericaFront.jpg,Assassin's Creed: Brotherhood,X360,Action,Ubisoft,Ubisoft Montreal,,9.1,,,3.53,2.87,0.03,0.39,0.25,2010-11-16,
/games/boxart/full_6469736AmericaFrontccc.jpg,LEGO Star Wars: The Video Game,PS2,Action,Eidos Interactive,Traveller's Tales,,7.9,,,3.53,1.98,0.01,1.14,0.41,2005-04-02,
/games/boxart/full_2466064AmericaFrontccc.jpg,Resident Evil 5,X360,Action,Capcom,Capcom,8.4,8.6,,,3.53,2.13,0.12,0.93,0.34,2009-03-13,
/games/boxart/810014ccc.jpg,Rugrats in Paris: The Movie,PS,Action,THQ,Avalanche Software,,,,,3.52,1.96,,1.33,0.23,2000-10-29,
/games/boxart/full_kung-fu_775AmericaFront.jpg,Kung Fu,NES,Action,Nintendo,Irem Software Engineering,,,,3.5,,,,,,1985-10-01,
/games/boxart/full_3497878AmericaFrontccc.jpg,Nioh,All,Action,Koei Tecmo,Team Ninja,,,,3.5,,,,,,2017-02-09,2020-10-17
/games/boxart/9182743ccc.jpg,Resident Evil 3: Nemesis,PS,Action,Capcom,Capcom,,9.4,,3.5,,,,,,1999-11-11,
/games/boxart/full_5613940PALFrontccc.jpg,Dying Light,PC,Action,Warner Bros. Interactive Entertainment,Techland,,,,3.47,,,,,,2016-02-06,2018-05-04
/games/boxart/9935711ccc.jpg,Grand Theft Auto 2,PS,Action,Rockstar Games,DMA Design,,6.9,,,3.42,1.13,,2.07,0.22,1999-10-25,
/games/boxart/4171363ccc.jpg,Spider-Man 2,PS2,Action,Activision,Treyarch,,7.9,,,3.41,1.75,0.02,1.2,0.43,2004-06-28,
/games/boxart/full_8315580AmericaFrontccc.png,Watch Dogs 2,PS4,Action,Ubisoft,Ubisoft,,,,,3.36,0.98,0.12,1.74,0.52,2016-11-15,
/games/boxart/6379438ccc.jpg,Luigi's Mansion,GC,Action,Nintendo,Nintendo EAD,,7.9,,3.33,,,,,,2001-11-17,
/games/boxart/full_5479051AmericaFrontccc.jpg,Star Wars Episode III: Revenge of the Sith,PS2,Action,LucasArts,The Collective,,,,,3.32,1.47,0.03,1.39,0.43,2005-05-04,
/games/boxart/full_6820063AmericaFrontccc.jpg,Dead Rising,All,Action,Capcom,Capcom,,,,3.3,,,,,,2006-08-08,2020-10-10
/games/boxart/3546885ccc.jpg,The Lord of the Rings: The Return of the King,PS2,Action,Electronic Arts,"Hypnos Entertainment, Inc.",,8.4,,,3.28,1.5,0.05,1.28,0.46,2003-11-05,
/games/boxart/2607496ccc.jpg,True Crime: Streets of LA,PS2,Action,Activision,Luxoflux,,,,,3.27,1.89,0.02,1.05,0.31,2003-11-03,
/games/boxart/full_3484636AmericaFrontccc.jpg,God of War: Chains of Olympus,PSP,Action,Sony Computer Entertainment,Ready at Dawn,7.9,8.9,9.5,3.26,,,,,,2008-03-04,
/games/boxart/full_1226105AmericaFrontccc.jpg,Dragon Ball Z: Kakarot,PS4,Action,Bandai Namco Games,CyberConnect2,7.0,,,3.22,,,,,,2020-01-17,2019-07-23
/games/boxart/full_3053742AmericaFrontccc.png,Final Fight,Series,Action,Capcom,Capcom,,,,3.2,,,,,,1989-12-01,2020-02-03
/games/boxart/full_3283622AmericaFrontccc.jpg,Naruto to Boruto: Shinobi Striker,All,Action,Bandai Namco Entertainment,Soleil Software Studio Inc.,,,,3.18,,,,,,2018-08-31,2023-08-05
/games/boxart/full_3940160AmericaFrontccc.jpg,Enter the Matrix,PS2,Action,Atari,Shiny Entertainment,,,,,3.18,1.78,0.09,1.12,0.19,2003-05-14,
/games/boxart/5099878ccc.jpg,Spider-Man,PS,Action,Activision,Neversoft Entertainment,,,,,3.13,1.7,0.02,1.25,0.16,2000-08-30,
/games/boxart/full_8142222AmericaFrontccc.jpg,Resident Evil 6,PS3,Action,Capcom,Capcom,7.7,,,,3.12,0.88,0.88,0.97,0.39,2012-10-02,
/games/boxart/full_5147450AmericaFrontccc.jpg,Devil May Cry HD Collection,All,Action,Capcom,Capcom,,,,3.1,,,,,,2012-03-22,2020-10-11
/games/boxart/full_2141889AmericaFrontccc.jpg,Saints Row 2,X360,Action,THQ,Volition Inc.,,7.9,,,3.07,1.98,0.02,0.79,0.28,2008-10-14,2018-04-02
/games/boxart/full_7899849AmericaFrontccc.png,New Super Luigi U,WiiU,Action,Nintendo,Nintendo,8.2,7.8,,3.07,,,,,,2013-08-25,2018-01-24
/games/boxart/full_3992261AmericaFrontccc.png,Metal Gear Solid V: The Phantom Pain,PS4,Action,Konami Digital Entertainment,Kojima Productions,,,,,3.04,0.97,0.5,1.15,0.42,2015-09-01,2018-05-04
/games/boxart/6684060ccc.jpg,Tom Clancy's Splinter Cell,XB,Action,Ubisoft,Ubisoft,,9.3,9.1,,3.02,1.85,,1.04,0.13,2002-11-17,
/games/boxart/full_2699257AmericaFrontccc.jpg,Armored Core VI Fires of Rubicon,All,Action,Bandai Namco Entertainment,From Software,,,,3.0,,,,,,2023-08-24,2024-07-25
/games/boxart/full_5677432AmericaFrontccc.jpg,Chivalry,Series,Action,Torn Banner Studios,Torn Banner Studios,,,,3.0,,,,,,2007-09-10,2021-08-17
/games/boxart/full_7566381AmericaFrontccc.jpeg,Dishonored,PC,Action,Bethesda Softworks,Arkane Studios,9.1,,,3.0,,,,,,2013-04-16,2018-01-01
/games/boxart/full_553721AmericaFrontccc.jpg,God of War: Ascension,PS3,Action,Sony Computer Entertainment,SCEA Santa Monica Studio,8.1,,,3.0,,,,,,2013-03-12,2018-04-04
/games/boxart/full_1400875AmericaFrontccc.jpg,Warhammer: Vermintide,Series,Action,Fatshark,Fatshark,,,,3.0,,,,,,2015-10-23,2020-03-04
/games/boxart/full_1462943AmericaFrontccc.jpg,Hitman 2: Silent Assassin,PS2,Action,Eidos Interactive,IO Interactive,,,,,2.96,1.36,0.04,1.15,0.41,2002-10-01,
/games/boxart/full_8153244AmericaFrontccc.jpg,Warriors Orochi,Series,Action,KOEI,Omega Force,,,,2.93,,,,,,2007-09-18,2020-10-17
/games/boxart/full_7649053AmericaFrontccc.png,Nioh,PS4,Action,Sony Interactive Entertainment,Team Ninja,,,,2.9,,,,,,2017-02-07,2020-08-05
/games/boxart/full_597674AmericaFrontccc.jpg,Resident Evil 4,PC,Action,Ubisoft,SourceNext,,8.0,,2.9,,,,,,2007-05-15,
/games/boxart/full_720495AmericaFrontccc.jpg,Middle-Earth: Shadow of Mordor,PS4,Action,Warner Bros. Interactive Entertainment,Monolith Productions,9.0,,,2.88,,,,,,2014-09-30,2018-05-04
/games/boxart/full_assassins-creed-brotherhood_2AmericaFront.jpg,Assassin's Creed: Brotherhood,PS3,Action,Ubisoft,Ubisoft Montreal,8.8,9.1,,,2.85,1.87,0.11,0.57,0.3,2010-11-16,
/games/boxart/full_480754PALFrontccc.jpg,Hitman: Absolution,PC,Action,Square Enix,IO Interactive,,9.0,,2.81,,,,,,2012-11-20,
/games/boxart/full_759100AmericaFrontccc.jpg,Skylanders: Spyro's Adventure,Wii,Action,Activision,Toys for Bob,,8.0,,,2.79,1.35,,1.15,0.3,2011-10-16,
/games/boxart/full_4649505AmericaFrontccc.jpg,Star Wars: The Force Unleashed,X360,Action,LucasArts,LucasArts,,7.1,,,2.77,1.74,,0.78,0.26,2008-09-16,
/games/boxart/full_saints-row-the-third_291AmericaFront.jpg,Saints Row: The Third,X360,Action,THQ,Volition Inc.,,8.3,,,2.77,1.26,0.07,1.14,0.3,2011-11-15,
/games/boxart/full_8274221AmericaFrontccc.jpg,The Binding of Isaac: Rebirth,PC,Action,Nicalis,Nicalis,,,,2.76,,,,,,2014-11-04,2018-08-06
/games/boxart/full_500413AmericaFrontccc.jpg,Resident Evil,PS,Action,Capcom,Capcom,,8.6,,2.75,,,,,,1996-03-30,
/games/boxart/full_4362003AmericaFrontccc.jpg,LEGO Star Wars II: The Original Trilogy,PS2,Action,LucasArts,Traveller's Tales,,8.4,,,2.69,1.85,0.01,0.64,0.19,2006-09-12,
/games/boxart/full_4595764AmericaFrontccc.jpg,Hannah Montana,DS,Action,Buena Vista,DC Studios,,6.5,,,2.65,1.59,,0.8,0.26,2006-10-10,
/games/boxart/1238155ccc.jpg,Tom Clancy's Splinter Cell,PS2,Action,Ubisoft,Ubisoft,,,,,2.65,1.15,,1.11,0.4,2003-04-08,
/games/boxart/full_9057074AmericaFrontccc.jpg,Star Wars: Shadows of the Empire,N64,Action,Nintendo,LucasArts,,,,2.65,,,,,,1996-12-03,
/games/boxart/6732328ccc.jpg,Streets of Rage,GEN,Action,Sega,Sega,,,,,2.6,1.86,0.11,0.55,0.08,1990-12-31,
/games/boxart/full_4841835AmericaFrontccc.jpg,LEGO Star Wars: The Complete Saga,X360,Action,LucasArts,Traveller's Tales,,,,,2.59,1.53,,0.83,0.24,2007-11-06,
/games/boxart/full_3903285AmericaFrontccc.png,Hotline Miami,PC,Action,Devolver Digital,Dennaton Games,,8.8,,2.58,,,,,,2012-10-23,2019-02-01
/games/boxart/full_7814840AmericaFrontccc.jpg,Tomb Raider (2013),PS3,Action,Square Enix,Crystal Dynamics,8.7,8.9,,,2.51,0.6,0.08,1.45,0.38,2013-03-05,2018-01-06
/games/boxart/full_6188669AmericaFrontccc.jpg,Ghostrunner,All,Action,505 Games,One More Level,,,,2.5,,,,,,2020-10-27,2021-05-31
/games/boxart/full_2224445AmericaFrontccc.jpg,Streets of Rage 4,All,Action,DotEmu,DotEmu,,,,2.5,,,,,,2020-04-30,2021-02-22
/games/boxart/full_382788AmericaFrontccc.jpg,Rockstar Games Double Pack: Grand Theft Auto III & Grand Theft Auto Vice City,XB,Action,Rockstar Games,Rockstar North,,9.8,,,2.49,1.84,,0.56,0.09,2003-10-31,
/games/boxart/full_saints-row-the-third_775AmericaFront.jpg,Saints Row: The Third,PS3,Action,THQ,Volition Inc.,,8.3,,,2.48,0.86,0.18,1.06,0.37,2011-11-15,
/games/boxart/3834326ccc.jpg,Tomb Raider: The Last Revelation,PS,Action,Eidos Interactive,Core Design Ltd.,,,,,2.48,1.15,0.06,1.14,0.13,1999-11-22,
/games/boxart/full_9921323AmericaFrontccc.jpg,Assassin's Creed Origins,XOne,Action,Ubisoft,Ubisoft Montreal,,,,,2.47,1.34,,0.92,0.22,2017-10-27,2018-01-10
/games/boxart/full_batman-arkham-city_659AmericaFront.jpg,Batman: Arkham City,PC,Action,Warner Bros. Interactive,Rocksteady Studios,,9.0,,2.47,,,,,,2011-11-22,
/games/boxart/full_1175839AmericaFrontccc.jpg,Dying Light,PS4,Action,Warner Bros. Interactive,Techland,8.0,,,,2.45,1.18,0.13,0.74,0.4,2015-01-27,2018-05-04
/games/boxart/full_6458923AmericaFrontccc.jpg,God of War Collection,PS3,Action,Sony Computer Entertainment,Bluepoint Games,9.0,9.2,,2.42,,,,,,2009-11-17,
/games/boxart/full_5867047AmericaFrontccc.jpg,Dino Crisis,PS,Action,Capcom,Capcom Production Studio 4,,8.9,,2.4,,,,,,1999-08-31,
/games/boxart/full_dead-island_121AmericaFront.jpg,Dead Island,X360,Action,Deep Silver,Techland,8.0,7.0,,,2.38,1.48,,0.7,0.21,2011-09-06,
/games/boxart/2974497ccc.jpg,The Incredibles,PS2,Action,THQ,Heavy Iron Studios,,5.9,,,2.37,0.96,0.04,1.08,0.3,2004-10-31,
/games/boxart/full_5760376AmericaFrontccc.jpg,Lego Marvel Super Heroes,X360,Action,Warner Bros. Interactive Entertainment,Traveller's Tales,,,,,2.34,1.26,,0.87,0.21,2013-10-22,2018-12-01
/games/boxart/full_8164194AmericaFrontccc.jpg,Assassin's Creed IV: Black Flag,XOne,Action,Ubisoft,Ubisoft Montreal,,8.3,,,2.32,1.51,,0.59,0.22,2013-11-22,2018-03-14
/games/boxart/6725603ccc.jpg,Grand Theft Auto,PS,Action,Take-Two Interactive,DMA Design,,6.0,,,2.32,0.79,0.04,1.35,0.14,1998-06-30,
/games/boxart/full_mafia-ii_6AmericaFront.jpg,Mafia II,PC,Action,2K Games,Illusion Softworks,,7.6,,2.31,,,,,,2010-08-24,
/games/boxart/full_7482376AmericaFrontccc.jpg,LEGO Star Wars: The Complete Saga,PS3,Action,LucasArts,Traveller's Tales,,8.0,,,2.31,1.02,,0.93,0.36,2007-11-06,
/games/boxart/full_952077AmericaFrontccc.png,Devil May Cry 3,All,Action,Capcom,Capcom,,,,2.3,,,,,,2005-03-01,2020-10-10
/games/boxart/full_9190363AmericaFrontccc.jpg,Resident Evil 4,PS2,Action,Capcom,Capcom Production Studio 4,,9.6,9.3,2.3,,,,,,2005-10-25,
/games/boxart/full_dead-island_140AmericaFront.jpg,Dead Island,PS3,Action,Deep Silver,Techland,,6.7,,,2.29,1.08,0.15,0.74,0.32,2011-09-06,
/games/boxart/2421594ccc.jpg,Dynasty Warriors 4,PS2,Action,KOEI,Omega Force,,,,2.25,,,,,,2003-03-25,
/games/boxart/full_4543143AmericaFrontccc.jpg,Batman: Arkham Asylum,PC,Action,Eidos Interactive,Rocksteady Studios,,9.3,,2.24,,,,,,2009-09-15,
/games/boxart/3334844ccc.jpg,Teenage Mutant Ninja Turtles II: The Arcade Game,NES,Action,Ultra Games,Konami,,,,,2.23,1.74,0.21,0.25,0.03,1990-12-01,
/games/boxart/full_3503329AmericaFrontccc.jpg,Star Wars: The Force Unleashed,PS3,Action,LucasArts,LucasArts,,6.8,,,2.22,1.01,,0.86,0.35,2008-09-16,
/games/boxart/full_8688619AmericaFrontccc.jpg,Devil May Cry,PS2,Action,Capcom,Capcom,,9.1,9.3,2.16,,,,,,2001-10-16,
/games/boxart/full_8394432AmericaFrontccc.jpg,How to Survive 2,PC,Action,Unknown,EKO Software,,,,2.15,,,,,,,2019-02-02
/games/boxart/full_4428768AmericaFrontccc.jpg,Naruto to Boruto: Shinobi Striker,PS4,Action,Bandai Namco Games,Soleil Software Studio Inc.,,8.5,,2.13,,,,,,2018-08-31,2018-06-14
/games/boxart/4661250ccc.jpg,Finding Nemo,PS2,Action,THQ,Traveller's Tales,,,,,2.09,1.26,0.05,0.6,0.18,2003-05-09,
/games/boxart/full_9978864AmericaFrontccc.jpg,Metal Gear Solid: Peace Walker,PSP,Action,Konami,Kojima Productions,9.4,8.6,,,2.08,0.46,0.96,0.42,0.25,2010-06-08,
/games/boxart/full_7521046PALFrontccc.jpg,Dragon Ball: Xenoverse 2,XOne,Action,Namco Bandai Games,Dimps Corporation,,,,2.06,,,,,,2016-10-25,2018-03-03
/games/boxart/8299340ccc.jpg,The Incredibles,GBA,Action,THQ,Helixe,,5.4,,,2.06,1.15,0.04,0.77,0.1,2004-10-31,
/games/boxart/full_9681133AmericaFrontccc.jpg,Hitman: Absolution,PS3,Action,Square Enix,IO Interactive,,,,,2.06,0.59,0.07,1.08,0.32,2012-11-20,
/games/boxart/full_7914896AmericaFrontccc.jpg,Toy Story 3: The Video Game,DS,Action,Disney Interactive Studios,Avalanche Software,,,,,2.06,0.89,0.02,0.95,0.21,2010-06-15,
/games/boxart/full_7305262AmericaFrontccc.jpg,Tom Clancy's Splinter Cell: Conviction,X360,Action,Ubisoft,Ubisoft Montreal,8.8,8.6,,,2.06,1.2,0.04,0.62,0.19,2010-04-13,
/games/boxart/full_4998678AmericaFrontccc.jpg,Middle-Earth: Shadow of War,PS4,Action,Warner Bros. Interactive Entertainment,Monolith Productions,,,,,2.04,0.82,0.06,0.84,0.33,2017-10-10,2018-01-10
/games/boxart/9313458ccc.jpg,Peter Jackson's King Kong: The Official Game of the Movie,PS2,Action,Ubisoft,Ubisoft Montpellier,,,,,2.04,0.71,,1.02,0.31,2005-11-21,
/games/boxart/full_4676535AmericaFrontccc.jpg,LEGO City Undercover: The Chase Begins,3DS,Action,Nintendo,TT Fusion,,6.2,,2.04,,,,,,2013-04-21,2018-01-05
/games/boxart/1287196ccc.jpg,Onimusha: Warlords,PS2,Action,Capcom,Flagship,,8.7,7.3,2.02,,,,,,2001-03-13,
/games/boxart/full_6039515AmericaFrontccc.jpg,Chivalry: Medieval Warfare,PC,Action,Media.Vision,Torn Banner Studios,,,,2.0,,,,,,2012-10-16,2018-05-01
/games/boxart/full_8916519AmericaFrontccc.jpg,Dead Island 2,All,Action,Deep Silver,Dambuster Studios,,,,2.0,,,,,,2023-04-21,2023-04-24
/games/boxart/full_6040064AmericaFrontccc.jpg,Fire Emblem Warriors,Series,Action,Nintendo,Omega Force,,,,2.0,,,,,,2017-10-20,2022-08-17
/games/boxart/full_8853325AmericaFrontccc.jpg,Ghostbusters,All,Action,Activision,Activision,,,,2.0,,,,,,1984-10-26,2023-08-11
/games/boxart/full_4161640AmericaFrontccc.png,Hulk,All,Action,Universal Interactive,Radical Entertainment,,,,2.0,,,,,,2003-05-28,2022-09-26
/games/boxart/full_9047235AmericaFrontccc.jpeg,Icey,All,Action,X.D. Network Inc.,FantaBlade Network,,,,2.0,,,,,,2016-11-17,2021-08-18
/games/boxart/full_7935372AmericaFrontccc.jpg,inFAMOUS,PS3,Action,Sony Computer Entertainment,Sucker Punch Productions,8.2,8.7,9.1,2.0,,,,,,2009-05-26,
/games/boxart/full_870841AmericaFrontccc.jpg,Persona 5 Strikers,All,Action,Sega,Omega Force,,,,2.0,,,,,,2021-02-23,2020-12-07
/games/boxart/full_4591202AmericaFrontccc.jpg,Resident Evil 4,Wii,Action,Capcom,Capcom Production Studio 4,9.0,9.2,9.7,2.0,,,,,,2007-06-19,2019-07-20
/games/boxart/full_8556259AmericaFrontccc.jpg,Saints Row,X360,Action,THQ,Volition Inc.,,8.0,,2.0,,,,,,2006-08-29,
/games/boxart/full_74297AmericaFrontccc.jpg,Sifu,All,Action,Sloclap,Sloclap,,,,2.0,,,,,,2022-02-08,2022-03-02
/games/boxart/full_2945750AmericaFrontccc.jpg,Warhammer: Vermintide 2,All,Action,Fatshark,Fatshark,,,,2.0,,,,,,2018-03-08,2021-01-21
/games/boxart/full_9753159AmericaFrontccc.jpg,Tenchu: Stealth Assassins,PS,Action,Activision,Acquire,,8.8,,,1.99,0.95,0.27,0.64,0.13,1998-08-31,
/games/boxart/full_9201038PALFrontccc.jpg,Resident Evil 6,X360,Action,Capcom,Capcom,,,,,1.97,1.12,0.07,0.61,0.16,2012-10-02,
/games/boxart/6239190ccc.jpg,E.T.: The Extra Terrestrial,2600,Action,Atari,Atari,,,,,1.97,1.84,,0.11,0.02,1982-01-01,
/games/boxart/full_2293744AmericaFrontccc.jpg,Dishonored 2,PS4,Action,Bethesda Softworks,Arkane Studios,,,,,1.97,0.62,0.01,1.02,0.31,2016-11-10,2018-04-25
/games/boxart/full_5761407AmericaFrontccc.jpg,Lego Marvel Super Heroes,PS3,Action,Warner Bros. Interactive Entertainment,Traveller's Tales,,,,,1.96,0.77,0.01,0.85,0.32,2013-10-22,2018-12-01
/games/boxart/1223151ccc.jpg,Grand Theft Auto: San Andreas,XB,Action,Rockstar Games,Rockstar North,,9.2,,,1.95,1.26,,0.61,0.09,2005-06-07,
/games/boxart/full_6648091AmericaFrontccc.jpeg,Lego Marvel Super Heroes,PS4,Action,Warner Bros. Interactive Entertainment,Traveller's Tales,8.5,,,,1.91,0.59,0.01,1.0,0.3,2013-11-15,2018-12-01
/games/boxart/full_6890376AmericaFrontccc.jpg,Tomb Raider (2013),X360,Action,Square Enix,Crystal Dynamics,,8.5,,,1.9,0.86,0.01,0.87,0.16,2013-03-05,2018-01-06
/games/boxart/full_infamous-2_615AmericaFront.jpg,inFAMOUS 2,PS3,Action,Sony Computer Entertainment,Sucker Punch Productions,8.9,8.1,,,1.87,1.05,0.08,0.48,0.26,2011-06-07,
/games/boxart/full_7230441AmericaFrontccc.jpg,Star Wars: The Force Unleashed,Wii,Action,LucasArts,Krome Studios,7.3,6.8,7.4,,1.86,1.11,0.0,0.56,0.19,2008-09-16,
/games/boxart/full_1522776AmericaFrontccc.jpg,Broforce,PC,Action,Devolver Digital,Free Lives Games,,,,1.86,,,,,,2014-04-07,
/games/boxart/full_308626AmericaFrontccc.jpg,The Evil Within,PS4,Action,Bethesda Softworks,Tango Gameworks,6.2,7.7,,,1.86,0.56,0.11,0.9,0.28,2014-10-14,2018-03-13
/games/boxart/full_4797939AmericaFrontccc.jpg,Phineas and Ferb,DS,Action,Disney Interactive Studios,Disney Interactive Studios,,,,,1.85,1.33,,0.37,0.15,2009-02-03,
/games/boxart/full_3896928AmericaFrontccc.jpg,Dragon Ball: Xenoverse 2,NS,Action,Namco Bandai Games,Dimps Corporation,,8.0,,1.82,,,,,,2017-09-22,2018-01-01
/games/boxart/full_alan-wake_126PALFront.jpg,Alan Wake,PC,Action,Remedy Entertainment,Remedy Entertainment,,,,1.8,,,,,,2012-02-16,2018-11-02
/games/boxart/full_3758864AmericaFrontccc.jpg,Dead Rising,X360,Action,Capcom,Capcom Production Studio 1,,8.4,,1.8,,,,,,2006-08-08,
/games/boxart/full_4166012AmericaFrontccc.jpg,Friday the 13th: The Game,All,Action,Gun Media,IllFonic,,,,1.8,,,,,,2017-05-26,2021-02-22
/games/boxart/full_9752282JapanFrontccc.jpg,Monster Hunter Double Cross,3DS,Action,Capcom,Capcom,,,,1.8,,,,,,2017-03-18,2018-01-05
/games/boxart/5328878ccc.jpg,Samurai Warriors,PS2,Action,KOEI,Omega Force,,,,1.79,,,,,,2004-05-06,
/games/boxart/full_lego-star-wars-iii-the-clone-wars_36AmericaFront.jpg,LEGO Star Wars III: The Clone Wars,Wii,Action,LucasArts,Traveller's Tales,,7.5,,,1.79,1.01,,0.62,0.15,2011-03-22,
/games/boxart/7611511ccc.jpg,SpongeBob SquarePants: SuperSponge,PS,Action,THQ,Climax Group,,,,,1.78,1.12,,0.58,0.08,2001-09-21,
/games/boxart/3647930ccc.jpg,The Getaway: Black Monday,PS2,Action,Sony Computer Entertainment,Team Soho,,,,,1.78,0.39,0.02,1.01,0.36,2005-01-11,
/games/boxart/full_4313557AmericaFrontccc.jpg,Far Cry 5,XOne,Action,Ubisoft,Ubisoft Montreal,,7.2,,,1.78,1.14,,0.47,0.17,2018-03-27,2018-02-28
/games/boxart/full_1468140PALFrontccc.jpg,Mad Max (2013),PC,Action,Warner Bros. Interactive Entertainment,Avalanche Studios,,,,1.78,,,,,,2015-09-01,2018-01-05
/games/boxart/8801129ccc.jpg,50 Cent: Bulletproof,PS2,Action,Vivendi Games,Genuine,,,,,1.77,0.85,,0.76,0.16,2005-11-17,
/games/boxart/1623321ccc.jpg,Dynasty Warriors 3,PS2,Action,KOEI,Omega Force,,,,1.77,,,,,,2001-11-26,
/games/boxart/8044547ccc.jpg,State of Emergency,PS2,Action,Rockstar Games,VIS Entertainment,,8.0,,,1.76,0.86,,0.67,0.22,2002-02-12,
/games/boxart/full_8403039AmericaFrontccc.jpg,2 Games in 1 Double Pack: The Incredibles / Finding Nemo: The Continuing Adventures,GBA,Action,THQ,Helixe / Altron,,,,,1.76,1.26,,0.47,0.03,2007-02-27,
/games/boxart/full_664593AmericaFrontccc.jpg,Just Cause 2,PS3,Action,Square Enix,Avalanche Studios,7.8,8.3,,,1.75,0.45,0.06,0.92,0.32,2010-03-23,
/games/boxart/full_8487538PALFrontccc.jpg,Metal Gear Solid V: The Phantom Pain,PC,Action,Konami Digital Entertainment,Kojima Productions,,,,1.75,,,,,,2015-09-01,2018-05-04
/games/boxart/full_7143174AmericaFrontccc.jpg,For Honor,PS4,Action,Ubisoft,Ubisoft Montreal,,,,,1.75,0.73,0.07,0.66,0.28,2017-02-14,2018-01-09
/games/boxart/full_1835960AmericaFrontccc.jpg,Cuphead,PC,Action,Studio MDHR,Studio MDHR,,,,1.74,,,,,,2017-09-29,2020-08-01
/games/boxart/9052333ccc.jpg,Twisted Metal III,PS,Action,989 Studios,989 Studios,,4.4,,,1.73,1.48,,0.2,0.05,1998-10-31,
/games/boxart/full_8418324AmericaFrontccc.jpg,Harry Potter and the Sorcerer's Stone,GB,Action,Electronic Arts,Griptonite Games,,,,,1.73,0.94,0.1,0.62,0.07,2001-11-21,
/games/boxart/3054904ccc.jpg,Rockstar Games Double Pack: Grand Theft Auto III & Grand Theft Auto Vice City,PS2,Action,Rockstar Games,Rockstar North,,9.7,,,1.72,0.85,,0.66,0.22,2003-10-21,
/games/boxart/full_1099822PALFrontccc.jpg,Hitman: Absolution,X360,Action,Square Enix,IO Interactive,8.7,,,,1.7,0.68,0.01,0.88,0.13,2012-11-20,
/games/boxart/full_518817AmericaFrontccc.jpg,Devil May Cry 2,PS2,Action,Capcom,Capcom,,6.5,,1.7,,,,,,2003-01-25,
/games/boxart/8326950ccc.jpg,Dynasty Warriors 5,PS2,Action,KOEI,Omega Force,,,,1.7,,,,,,2005-03-29,
/games/boxart/full_5849481AmericaFrontccc.jpg,Final Fantasy Tactics Advance,GBA,Action,Nintendo,Square Enix,,,,1.7,,,,,,2003-09-08,
/games/boxart/6582362ccc.gif,Ben 10: Protector of Earth,DS,Action,D3 Publisher,1st Playable Productions,,,,,1.7,0.68,,0.82,0.19,2007-10-30,
/games/boxart/full_7054702AmericaFrontccc.jpg,Saints Row IV,X360,Action,Deep Silver,Volition Inc.,9.0,,,,1.69,1.01,0.01,0.51,0.15,2013-08-20,2018-04-02
/games/boxart/1789636ccc.jpg,Harry Potter and the Sorcerer's Stone,GBA,Action,Electronic Arts,Griptonite Games,,6.6,,,1.69,0.87,0.08,0.66,0.08,2001-11-15,
/games/boxart/full_5633056AmericaFrontccc.jpg,Saints Row 2,PS3,Action,THQ,Volition Inc.,,7.9,,,1.68,0.88,0.02,0.54,0.24,2008-10-14,2018-04-02
/games/boxart/full_17001AmericaFrontccc.jpg,Star Wars The Clone Wars: Lightsaber Duels,Wii,Action,LucasArts,Krome Studios,,,,,1.65,1.21,,0.3,0.14,2008-11-11,
/games/boxart/full_2340135AmericaFrontccc.jpg,Kirby: Planet Robobot,3DS,Action,Nintendo,HAL Laboratory,,7.7,,1.64,,,,,,2016-06-10,2018-04-20
/games/boxart/full_uncharted-golden-abyss_991AmericaFront.jpg,Uncharted: Golden Abyss,PSV,Action,Sony Computer Entertainment,SCEA Bend Studio / Naughty Dog,8.4,7.9,,,1.62,0.53,0.13,0.71,0.25,2012-02-15,
/games/boxart/full_3824266AmericaFrontccc.jpg,Marvel Ultimate Alliance 3: The Black Order,NS,Action,Nintendo,Team Ninja,,,,1.6,,,,,,2019-07-19,2019-06-12
/games/boxart/2169923ccc.jpg,Resident Evil 4,GC,Action,Capcom,Capcom Production Studio 4,,9.6,,1.6,,,,,,2005-01-11,
/games/boxart/full_2327598AmericaFrontccc.jpg,Just Cause 2,X360,Action,Square Enix,Avalanche Studios,7.8,8.0,,,1.6,0.59,0.02,0.83,0.17,2010-03-23,
/games/boxart/full_1783749AmericaFrontccc.jpg,Devil May Cry 4,PS3,Action,Capcom,Capcom,,8.2,8.2,,1.58,0.58,0.34,0.45,0.2,2008-02-05,
/games/boxart/full_7538612AmericaFrontccc.jpg,Batman: Arkham Knight,XOne,Action,Warner Bros. Interactive Entertainment,Rocksteady Studios,,,,,1.58,0.97,,0.46,0.14,2015-06-23,2018-01-04
/games/boxart/full_lego-pirates-of-the-caribbean-the-video-game_531AmericaFront.jpg,LEGO Pirates of the Caribbean: The Video Game,Wii,Action,Disney Interactive Studios,Traveller's Tales,,7.5,,,1.57,0.73,,0.69,0.15,2011-05-10,
/games/boxart/full_880273AmericaFrontccc.jpg,Mark of the Ninja,PC,Action,Microsoft Studios,Klei Entertainment,,9.3,,1.56,,,,,,2012-10-16,2018-08-12
/games/boxart/full_409483AmericaFrontccc.jpg,Hannah Montana: Music Jam,DS,Action,Disney Interactive Studios,Fall Line Studio,,,,,1.56,1.05,,0.36,0.15,2007-10-16,
/games/boxart/full_1377891AmericaFrontccc.jpg,Twisted Metal,PS,Action,Sony Computer Entertainment,SingleTrac,,7.0,,,1.56,1.32,,0.19,0.05,1995-11-05,
/games/boxart/full_mafia-ii_1AmericaFront.jpg,Mafia II,X360,Action,2K Games,Illusion Softworks,,7.2,,,1.56,0.85,,0.55,0.15,2010-08-24,
/games/boxart/6986704ccc.jpg,Spider-Man 2: Enter: Electro,PS,Action,Activision,Vicarious Visions,,,,,1.55,0.57,0.02,0.87,0.09,2001-10-17,
/games/boxart/full_7837080AmericaFrontccc.jpg,Hitman,PC,Action,Square Enix,IO Interactive,,,,1.53,,,,,,2016-03-11,2018-05-01
/games/boxart/1099086ccc.jpg,Onimusha 3: Demon Siege,PS2,Action,Capcom,Capcom,,,,1.52,,,,,,2004-04-27,
/games/boxart/4178953ccc.jpg,Pac-Man World 2,PS2,Action,Namco,Namco,,,,,1.51,1.26,,0.05,0.21,2002-02-24,
/games/boxart/full_4437631AmericaFrontccc.jpg,How to Survive,PC,Action,505 Games,EKO Software,,,,1.51,,,,,,2013-10-23,
/games/boxart/full_star-wars-the-force-unleashed-ii_2AmericaFront.jpg,Star Wars: The Force Unleashed II,PS3,Action,LucasArts,LucasArts,7.8,6.3,,,1.51,0.8,,0.5,0.21,2010-10-26,
/games/boxart/full_2164312AmericaFrontccc.png,Bayonetta 2,All,Action,Nintendo,PlatinumGames,,,,1.51,,,,,,2014-10-24,2020-11-24
/games/boxart/full_6977688AmericaFrontccc.jpg,Metal Gear Rising: Revengeance,PS3,Action,Konami Digital Entertainment,PlatinumGames,6.8,9.0,,,1.5,0.47,0.44,0.41,0.18,2013-02-19,2018-01-12
/games/boxart/full_9887583AmericaFrontccc.jpg,American McGee's Alice,PC,Action,Electronic Arts,Rogue Entertainment,,,,1.5,,,,,,2000-12-06,
/games/boxart/3606492ccc.gif,Bully,PS2,Action,Rockstar Games,Rockstar Vancouver,,,,1.5,,,,,,2006-10-17,
/games/boxart/full_7496472AmericaFrontccc.jpg,Dead Rising 4,All,Action,Microsoft Studios,Capcom,,,,1.5,,,,,,2016-12-06,2020-10-10
/games/boxart/full_2157803AmericaFrontccc.jpg,Heavenly Sword,PS3,Action,Sony Computer Entertainment,Ninja Theory,,8.0,,1.5,,,,,,2007-09-12,
/games/boxart/full_4570374AmericaFrontccc.jpg,Nightmare Creatures,All,Action,Activision,Kalisto Entertainment,,,,1.5,,,,,,1997-09-30,2021-05-22
/games/boxart/full_9095196AmericaFrontccc.jpg,Resident Evil: Revelations Collection,NS,Action,Capcom,Capcom,,,,1.5,,,,,,2017-11-28,2018-03-15
/games/boxart/full_5242394AmericaFrontccc.png,Teenage Mutant Ninja Turtles 3: Mutant Nightmare,All,Action,Konami,Konami,,,,1.5,,,,,,2005-11-01,2022-09-29
/games/boxart/full_131208AmericaFrontccc.jpg,Warriors Orochi,All,Action,KOEI,Omega Force,,,,1.5,,,,,,2007-09-18,2020-10-17
/games/boxart/8977809ccc.jpg,Pac-Man World,PS,Action,Namco,Namco,,,,,1.5,1.21,0.1,0.14,0.04,1999-09-30,
/games/boxart/full_mafia-ii_4AmericaFront.jpg,Mafia II,PS3,Action,2K Games,Illusion Softworks,,7.0,,,1.49,0.5,0.04,0.7,0.25,2010-08-24,
/games/boxart/full_dead-rising-2_9AmericaFront.jpg,Dead Rising 2,X360,Action,Capcom,Blue Castle Games,6.8,8.2,,,1.49,0.75,0.09,0.53,0.13,2010-09-28,
/games/boxart/full_lego-star-wars-iii-the-clone-wars_502AmericaFront.jpg,LEGO Star Wars III: The Clone Wars,X360,Action,LucasArts,Traveller's Tales,,7.9,,,1.48,0.84,,0.51,0.13,2011-03-22,
/games/boxart/full_final-fight_2AmericaFront.jpg,Final Fight,SNES,Action,Capcom,Capcom,,10.0,,1.48,,,,,,1991-11-10,
/games/boxart/full_9890219AmericaFrontccc.png,The Incredible Hulk,All,Action,Sega,Edge of Reality,,,,1.48,,,,,,2008-06-05,2020-11-13
/games/boxart/1345535ccc.jpg,Tom Clancy's Splinter Cell: Pandora Tomorrow,XB,Action,Ubisoft,Ubisoft Shanghai,,9.2,9.0,,1.48,0.82,,0.59,0.07,2004-03-23,
/games/boxart/full_1130191AmericaFrontccc.jpg,Dying Light,XOne,Action,Warner Bros. Interactive Entertainment,Techland,,,,,1.47,1.01,0.01,0.31,0.14,2016-02-06,2018-05-04
/games/boxart/3801642ccc.jpg,The SpongeBob SquarePants Movie,GBA,Action,THQ,WayForward,,,,,1.46,1.02,,0.38,0.06,2004-10-27,
/games/boxart/full_3589977PALFrontccc.png,One Piece Pirate Warriors,PS3,Action,Namco Bandai Games,Omega Force,7.6,,,1.45,,,,,,2012-09-25,2018-01-12
/games/boxart/3125319ccc.jpg,Resident Evil Outbreak,PS2,Action,Capcom,Capcom Production Studio 1,,7.1,,1.45,,,,,,2004-03-31,
/games/boxart/full_601061AmericaFrontccc.jpg,Assassin's Creed Syndicate,XOne,Action,Ubisoft,Ubisoft Quebec,,,,,1.44,0.71,,0.61,0.12,2015-10-23,2018-01-14
/games/boxart/full_988743AmericaFrontccc.jpg,Attack on Titan,Series,Action,Spike Chunsoft,Spike Chunsoft,,,,1.44,,,,,,2013-12-05,2020-03-24
/games/boxart/full_star-wars-the-force-unleashed-ii_9AmericaFront.jpg,Star Wars: The Force Unleashed II,X360,Action,LucasArts,LucasArts,,6.3,,,1.44,0.95,,0.37,0.12,2010-10-26,
/games/boxart/full_5179035AmericaFrontccc.jpg,Frogger 2: Swampy's Revenge,PS,Action,Hasbro Interactive,Blitz Games,,,,,1.43,0.8,,0.54,0.09,2000-10-10,
/games/boxart/full_388041AmericaFrontccc.jpg,Middle-Earth: Shadow of Mordor,XOne,Action,Warner Bros. Interactive Entertainment,Monolith Productions,,,,,1.42,0.77,0.01,0.52,0.12,2014-09-30,2018-05-04
/games/boxart/full_1021105AmericaFrontccc.jpg,LEGO Star Wars: The Video Game,GC,Action,Eidos Interactive,Traveller's Tales,,7.9,,,1.41,1.09,,0.28,0.04,2005-10-25,
/games/boxart/442847ccc.jpg,LEGO Star Wars II: The Original Trilogy,PSP,Action,LucasArts,Traveller's Tales,,8.4,,,1.41,0.58,,0.51,0.32,2006-09-12,
/games/boxart/4081081ccc.jpg,The Lion King,GEN,Action,Virgin Interactive,Westwood Studios,,,,,1.41,0.97,0.03,0.37,0.05,1994-12-08,
/games/boxart/2125308ccc.jpg,Spider-Man: The Movie,XB,Action,Activision,Treyarch,,7.7,,,1.4,1.07,,0.28,0.05,2002-04-15,
/games/boxart/full_8051823AmericaFrontccc.jpg,Nioh 2,PS4,Action,Sony Interactive Entertainment,Team Ninja,,,,1.4,,,,,,2020-03-13,2020-05-15
/games/boxart/full_pokemon-rumble-blast_685AmericaFront.jpg,Pokémon Rumble Blast,3DS,Action,Nintendo,Ambrella,5.6,5.3,,1.4,,,,,,2011-10-24,
/games/boxart/8279816ccc.jpg,Resident Evil - Code: Veronica X,PS2,Action,Capcom,Capcom,,8.4,,1.4,,,,,,2001-08-21,
/games/boxart/full_2938427PALFrontccc.jpg,Batman: Arkham Knight,PC,Action,Warner Bros. Interactive Entertainment,Rocksteady Studios,,,,1.4,,,,,,2015-06-23,2018-01-04
/games/boxart/full_938056AmericaFrontccc.jpg,Toy Story 3: The Video Game,Wii,Action,Disney Interactive Studios,Avalanche Software,,,,,1.39,0.63,,0.62,0.14,2010-06-15,
/games/boxart/9890373ccc.jpg,Teenage Mutant Ninja Turtles III: The Manhattan Project,NES,Action,Konami,Konami,,,,,1.39,1.05,0.15,0.17,0.02,1992-02-01,
/games/boxart/full_2785243AmericaFrontccc.jpg,Hannah Montana: Spotlight World Tour,Wii,Action,Disney Interactive Studios,Avalanche Software,,,,,1.39,0.87,,0.38,0.13,2007-11-06,
/games/boxart/full_3902291AmericaFrontccc.jpg,Bakugan: Battle Brawlers,DS,Action,Activision,MTO,,6.4,,,1.38,1.26,,0.02,0.1,2009-10-20,
/games/boxart/7255090ccc.jpg,True Crime: Streets of LA,XB,Action,Activision,Luxoflux,,,,,1.38,0.96,,0.37,0.05,2003-11-03,
/games/boxart/full_dead-rising-2_5AmericaFront.jpg,Dead Rising 2,PS3,Action,Capcom,Blue Castle Games,,8.1,,,1.37,0.43,0.15,0.57,0.22,2010-09-28,
/games/boxart/full_kid-icarus-uprising_513AmericaFront.jpg,Kid Icarus: Uprising,3DS,Action,Nintendo,Project Sora,9.2,8.0,,1.37,,,,,,2012-03-23,2018-01-05
/games/boxart/full_7773841AmericaFrontccc.jpg,Yu-Gi-Oh! The Duelists of the Roses,PS2,Action,Konami,Konami,,7.0,,1.37,,,,,,2003-02-16,
/games/boxart/full_metroid-other-m_7AmericaFront.jpg,Metroid: Other M,Wii,Action,Nintendo,Nintendo SPD Production Group 1/Team Ninja,8.4,7.7,,,1.36,0.85,0.13,0.28,0.1,2010-08-31,
/games/boxart/7409580ccc.jpg,Resident Evil,GC,Action,Capcom,Capcom,,8.9,,1.35,,,,,,2002-04-30,
/games/boxart/full_9236363AmericaFrontccc.png,Watch Dogs 2,XOne,Action,Ubisoft,Ubisoft,,,,,1.35,0.71,,0.53,0.12,2016-11-15,
/games/boxart/full_7623118AmericaFrontccc.jpg,Devil May Cry 4,X360,Action,Capcom,Capcom,,8.5,,,1.34,0.79,0.08,0.34,0.13,2008-02-05,
/games/boxart/full_7865730AmericaFrontccc.jpg,Saints Row IV,PS3,Action,Deep Silver,Volition Inc.,,,,,1.33,0.58,0.09,0.45,0.21,2013-08-20,2018-04-02
/games/boxart/full_1170189AmericaFrontccc.jpg,Alan Wake,X360,Action,Microsoft Game Studios,Remedy Entertainment,9.2,8.3,,,1.33,0.66,0.05,0.5,0.12,2010-05-18,
/games/boxart/full_7480644AmericaFrontccc.jpg,Astral Chain,NS,Action,Nintendo,PlatinumGames,,,,1.33,,,,,,2019-08-30,2019-06-12
/games/boxart/full_8858872AmericaFrontccc.jpg,Fighting Force,PS,Action,Eidos Interactive,Core Design Ltd.,,,,,1.32,0.73,,0.5,0.09,1997-10-31,
/games/boxart/full_6903656AmericaFrontccc.jpg,Geometry Dash,PC,Action,Unknown,RobTop Games,,,,1.32,,,,,,,2019-02-03
/games/boxart/full_8752118PALFrontccc.jpg,Resident Evil 6,PC,Action,Capcom,Capcom,,,,1.32,,,,,,2013-03-22,2019-01-03
/games/boxart/full_7470648AmericaFrontccc.jpg,Thief,PC,Action,Square Enix,Eidos Montreal,,,,1.31,,,,,,2014-02-25,2018-01-04
/games/boxart/full_3384417AmericaFrontccc.jpg,[Prototype],X360,Action,Activision,Radical Entertainment,,7.9,,,1.31,0.84,,0.35,0.12,2009-06-09,
/games/boxart/full_6115800AmericaFrontccc.jpg,Who's Your Daddy,PC,Action,Unknown,Evil Tortilla Games,,,,1.31,,,,,,,2019-02-03
/games/boxart/full_289274AmericaFrontccc.jpg,Devil May Cry 3: Dante's Awakening,PS2,Action,Capcom,Capcom,,8.6,,1.3,,,,,,2005-03-01,
/games/boxart/full_1232297AmericaFrontccc.jpg,Kinect Star Wars,X360,Action,Microsoft Studios,Terminal Reality,5.0,,,1.3,,,,,,2012-04-03,2018-09-29
/games/boxart/full_1821842AmericaFrontccc.jpg,Ryse: Son of Rome,XOne,Action,Microsoft Studios,Crytek,6.2,,,1.3,,,,,,2013-11-22,2018-03-24
/games/boxart/full_9105098AmericaFrontccc.jpg,Assassin's Creed: Rogue,PS3,Action,Ubisoft,Ubisoft Sofia,,,,,1.3,0.46,0.07,0.57,0.2,2014-11-11,2018-01-14
/games/boxart/full_7853410PALFrontccc.jpg,The Escapists,PC,Action,Team17 Software,Mouldy Toof Studios,,,,1.3,,,,,,2014-08-20,
/games/boxart/1435179ccc.jpg,Army Men 3D,PS,Action,3DO,3DO,,,,,1.28,1.1,,0.14,0.04,1999-02-28,
/games/boxart/full_9250565AmericaFrontccc.jpg,Manhunt,PS2,Action,Rockstar Games,Rockstar North,,8.0,,,1.28,0.63,,0.49,0.16,2003-11-18,
/games/boxart/full_344406AmericaFrontccc.jpg,Jet Li: Rise to Honor,PS2,Action,Sony Computer Entertainment,Sony Computer Entertainment America,,,,,1.27,0.62,,0.48,0.16,2004-02-17,
/games/boxart/full_lego-harry-potter-years-5-7_21AmericaFront.jpg,LEGO Harry Potter: Years 5-7,Wii,Action,Warner Bros. Interactive,Traveller's Tales,,,,,1.26,0.7,,0.44,0.12,2011-11-11,
/games/boxart/full_2923134AmericaFrontccc.jpg,Assassin's Creed: Bloodlines,PSP,Action,Ubisoft,Griptonite Studio,5.4,6.3,,,1.26,0.43,0.05,0.5,0.28,2009-11-17,
/games/boxart/full_8841685AmericaFrontccc.jpg,Star Wars: The Force Unleashed,PS2,Action,LucasArts,Krome Studios,,,,,1.25,0.49,0.01,0.0,0.75,2008-09-16,
/games/boxart/78053ccc.jpg,Combat,2600,Action,Atari,Atari,,,,,1.25,1.17,,0.07,0.01,1977-01-01,
/games/boxart/6390293ccc.jpg,Resident Evil Zero,GC,Action,Capcom,Capcom Production Studio 3 / Flagship,,8.2,,1.25,,,,,,2002-11-12,
/games/boxart/6931737ccc.jpg,Lara Croft Tomb Raider: The Angel of Darkness,PS2,Action,Eidos Interactive,Core Design Ltd.,,,,,1.25,0.61,,0.48,0.16,2003-06-20,
/games/boxart/4348446ccc.jpg,Tom Clancy's Splinter Cell: Pandora Tomorrow,PS2,Action,Ubisoft,Ubisoft Shanghai,,,,,1.25,0.52,,0.56,0.17,2004-06-16,
/games/boxart/full_9275565AmericaFrontccc.jpeg,Bayonetta,NS,Action,Nintendo,PlatinumGames,,,,1.24,,,,,,2018-02-16,2020-08-02
/games/boxart/full_7119056AmericaFrontccc.png,Lollipop Chainsaw,All,Action,Warner Bros. Interactive Entertainment,Grasshopper Manufacture,,,,1.24,,,,,,2012-06-12,2021-02-16
/games/boxart/full_6433584AmericaFrontccc.jpg,[Prototype],PS3,Action,Activision,Radical Entertainment,,8.1,,,1.24,0.65,,0.41,0.18,2009-06-09,
/games/boxart/full_9860865AmericaFrontccc.jpg,Star Wars Episode III: Revenge of the Sith,XB,Action,LucasArts,The Collective,,,,,1.24,0.82,,0.38,0.04,2005-05-04,
/games/boxart/full_926681AmericaFrontccc.jpg,Transformers: Autobots / Decepticons,DS,Action,Activision,Vicarious Visions,,,,,1.24,1.12,,0.03,0.09,2007-06-19,
/games/boxart/full_5304839AmericaFrontccc.jpg,Bayonetta 2,NS,Action,Nintendo,PlatinumGames,,9.5,,1.23,,,,,,2018-02-16,2018-04-17
/games/boxart/5410078ccc.jpg,Ben 10: Protector of Earth,Wii,Action,D3 Publisher,High Voltage Software,,,,,1.23,0.54,,0.55,0.13,2007-10-30,
/games/boxart/full_3265725AmericaFrontccc.png,Bayonetta,PS3,Action,Sega,PlatinumGames,8.4,8.6,7.2,,1.21,0.44,0.21,0.4,0.16,2010-01-05,
/games/boxart/full_star-wars-episode-1-jedi-power-battles_150AmericaFront.jpg,Star Wars Episode 1: Jedi Power Battles,PS,Action,LucasArts,LucasArts,,,,,1.21,0.66,0.01,0.48,0.06,2000-03-31,
/games/boxart/8362532ccc.jpg,The Lord of the Rings: The Fellowship of the Ring,PS2,Action,Black Label Games,Surreal Software,,,,,1.2,0.59,,0.46,0.15,2002-10-16,
/games/boxart/full_5658101AmericaFrontccc.jpg,Mad Max (2013),PS4,Action,Warner Bros. Interactive Entertainment,Avalanche Studios,,,,,1.2,0.38,0.05,0.59,0.19,2015-09-01,2018-01-05
/games/boxart/full_8882000AmericaFrontccc.jpg,Dead Rising 3: Apocalypse Edition,PC,Action,Capcom,Capcom,,,,1.2,,,,,,2014-09-05,2018-09-11
/games/boxart/9641652ccc.jpg,Dino Crisis 2,PS,Action,Capcom,Capcom Production Studio 4,,8.8,,1.2,,,,,,2000-09-29,
/games/boxart/full_552359AmericaFrontccc.jpg,Ninja Gaiden,XB,Action,Tecmo,Team Ninja,,9.4,,1.2,,,,,,2004-03-02,
/games/boxart/1383757ccc.jpg,Resident Evil Director's Cut: Dual Shock Edition,PS,Action,Capcom,Capcom,,,,1.2,,,,,,1998-01-01,
/games/boxart/4614427ccc.jpg,Enter the Matrix,XB,Action,Atari,Shiny Entertainment,,,,,1.2,0.72,0.01,0.43,0.04,2003-05-14,
/games/boxart/full_god-of-war-ghost-of-sparta_4AmericaFront.jpg,God of War: Ghost of Sparta,PSP,Action,Sony Computer Entertainment,Ready at Dawn,8.4,8.3,,1.2,,,,,,2010-11-02,
/games/boxart/3998788ccc.jpg,SpongeBob SquarePants: Revenge of the Flying Dutchman,GBA,Action,THQ,Vicarious Visions,,,,,1.19,0.92,,0.23,0.04,2002-09-10,
/games/boxart/9109344ccc.jpg,Metal Gear Solid: Portable Ops,PSP,Action,Konami,Kojima Productions,,8.7,,,1.19,0.38,0.38,0.35,0.09,2006-12-05,
/games/boxart/full_6371348AmericaFrontccc.jpg,Hitman 2: Silent Assassin,XB,Action,Eidos Interactive,IO Interactive,,,,,1.19,0.76,,0.38,0.05,2002-09-30,
/games/boxart/full_spider-man-the-movie_327AmericaFront.jpg,Spider-Man: The Movie,GC,Action,Activision,Treyarch,,7.6,,,1.19,0.86,0.01,0.27,0.04,2002-04-15,
/games/boxart/full_5681962AmericaFrontccc.jpg,LEGO Dimensions,PS4,Action,Warner Bros. Interactive Entertainment,Traveller's Tales,,,,,1.18,0.48,,0.5,0.2,2015-09-27,2018-03-19
/games/boxart/full_lego-star-wars-iii-the-clone-wars_140AmericaFront.jpg,LEGO Star Wars III: The Clone Wars,PS3,Action,LucasArts,Traveller's Tales,8.3,8.0,,,1.18,0.52,,0.47,0.19,2011-03-22,
/games/boxart/full_9968934AmericaFrontccc.jpg,LEGO Jurassic World,PS4,Action,Warner Bros. Interactive Entertainment,Traveller's Tales,,,,,1.18,0.41,0.02,0.56,0.19,2015-06-12,2018-04-06
/games/boxart/full_red-dead-redemption-undead-nightmare_38AmericaFront.jpg,Red Dead Redemption: Undead Nightmare,PS3,Action,Rockstar Games,Rockstar San Diego,,10.0,,,1.18,0.47,0.06,0.45,0.19,2010-11-23,
/games/boxart/full_2580696AmericaFrontccc.jpg,Dragon Ball Z: Kakarot,XOne,Action,Bandai Namco Games,CyberConnect2,,,,1.17,,,,,,2020-01-17,2019-07-23
/games/boxart/1902388ccc.jpg,Mission: Impossible,N64,Action,Ocean,Infogrames,,6.6,,,1.17,0.74,0.02,0.38,0.03,1998-07-18,
/games/boxart/full_7798502AmericaFrontccc.png,Sunset Overdrive,XOne,Action,Microsoft Studios,Insomniac Games,8.8,8.0,,,1.16,0.64,0.0,0.42,0.1,2014-10-28,2018-01-06
/games/boxart/full_244890AmericaFrontccc.jpg,LEGO Star Wars: The Video Game,XB,Action,Eidos Interactive,Traveller's Tales,,8.0,,,1.16,0.83,,0.28,0.05,2005-04-05,
/games/boxart/6651793ccc.jpg,Gauntlet: Dark Legacy,PS2,Action,Midway Games,Midway Games West,,,,,1.15,0.56,,0.44,0.15,2001-05-01,
/games/boxart/51576ccc.jpg,Kaboom!,2600,Action,Activision,Activision,,,,,1.15,1.07,,0.07,0.01,1981-01-01,
/games/boxart/full_1578888JapanFrontccc.jpg,Doraemon,NES,Action,Hudson Soft,Hudson Soft,,,,,1.15,,1.15,,0.0,1986-12-12,
/games/boxart/full_4939346AmericaFrontccc.png,LEGO City Undercover,WiiU,Action,Nintendo,TT Fusion,7.8,7.5,,1.15,,,,,,2013-03-18,2018-03-20
/games/boxart/full_6452233AmericaFrontccc.jpg,Ninja Gaiden II,X360,Action,Microsoft,Team Ninja,,8.2,,1.15,,,,,,2008-06-03,
/games/boxart/full_7329069AmericaFrontccc.png,Middle-Earth: Shadow of War,XOne,Action,Warner Bros. Interactive Entertainment,Monolith Productions,,,,,1.15,0.75,,0.29,0.11,2017-10-10,2018-01-10
/games/boxart/full_767000AmericaFrontccc.jpeg,Lego Marvel Super Heroes,XOne,Action,Warner Bros. Interactive Entertainment,Traveller's Tales,,,,,1.15,0.61,,0.44,0.1,2013-11-22,2018-12-01
/games/boxart/full_lego-star-wars-iii-the-clone-wars_987AmericaFront.jpg,LEGO Star Wars III: The Clone Wars,3DS,Action,LucasArts,Traveller's Tales,,6.7,,,1.14,0.61,,0.44,0.09,2011-03-27,
/games/boxart/858617ccc.jpg,Action Bass,PS,Action,Take-Two Interactive,Unknown,,5.1,,,1.14,0.64,,0.43,0.07,2000-07-14,
/games/boxart/full_2543321AmericaFrontccc.jpg,Tenchu: Wrath of Heaven,PS2,Action,Activision,K2 LLC,,,,,1.14,0.44,0.25,0.34,0.11,2003-03-03,
/games/boxart/full_1579426AmericaFrontccc.jpg,Commando,NES,Action,Capcom,Capcom,,,,1.14,,,,,,1986-11-01,
/games/boxart/6432563ccc.jpg,Resident Evil - Code: Veronica,DC,Action,Capcom,Capcom,,9.2,,1.14,,,,,,2000-02-29,
/games/boxart/8334980ccc.jpg,The Lord of the Rings: The Return of the King,XB,Action,Electronic Arts,"Hypnos Entertainment, Inc.",,8.8,,,1.14,0.71,,0.38,0.05,2003-11-05,
/games/boxart/full_8705226AmericaFrontccc.jpg,LEGO Star Wars: The Video Game,GBA,Action,Eidos Interactive,Amaze Entertainment,,7.4,,,1.14,0.82,,0.3,0.02,2005-03-29,
/games/boxart/5908966ccc.jpg,Resident Evil Director's Cut,PS,Action,Capcom,Capcom,,8.3,,1.13,,,,,,1997-01-01,
/games/boxart/full_5168012AmericaFrontccc.jpg,Spider-Man 2,XB,Action,Activision,Treyarch,,7.7,,,1.12,0.82,,0.26,0.04,2004-06-28,
/games/boxart/full_2206174AmericaFrontccc.jpg,Transformers: The Game,PS2,Action,Activision,Traveller's Tales,,,,,1.11,0.63,0.0,0.37,0.11,2007-06-26,
/games/boxart/full_8692814AmericaFrontccc.jpg,LEGO Marvel Super Heroes 2,PS4,Action,Warner Bros. Interactive Entertainment,Traveller's Tales,,,,,1.11,0.33,0.0,0.6,0.18,2017-11-14,2018-02-11
/games/boxart/full_castlevania-lords-of-shadow_1AmericaFront.jpg,Castlevania: Lords of Shadow,PS3,Action,Konami,Mercury Steam,,8.1,,,1.11,0.5,0.1,0.37,0.15,2010-10-05,
/games/boxart/1609809ccc.gif,Tom Clancy's Splinter Cell: Chaos Theory,XB,Action,Ubisoft,Ubisoft Montreal,,9.4,,,1.11,0.68,,0.38,0.05,2005-03-28,
/games/boxart/full_68730AmericaFrontccc.jpg,One Piece: Pirate Warriors 3,PS4,Action,Tecmo Koei,Omega Force,,,,1.11,,,,,,2015-08-25,2018-01-12
/games/boxart/full_red-dead-redemption-undead-nightmare_699AmericaFront.jpg,Red Dead Redemption: Undead Nightmare,X360,Action,Rockstar Games,Rockstar San Diego,,10.0,,,1.11,0.61,0.02,0.38,0.1,2010-11-23,
/games/boxart/full_5194973AmericaFrontccc.jpg,Metal Gear Solid HD Collection,PS3,Action,Konami Digital Entertainment,Bluepoint Games,8.9,,,,1.11,0.52,,0.44,0.14,2011-11-08,2018-03-19
/games/boxart/full_lego-star-wars-iii-the-clone-wars_657AmericaFront.jpg,LEGO Star Wars III: The Clone Wars,DS,Action,LucasArts,Traveller's Tales,,6.3,,,1.1,0.62,,0.38,0.1,2011-03-22,
/games/boxart/full_4972966AmericaFrontccc.jpg,Ninja Gaiden Sigma,PS3,Action,Tecmo,Team Ninja,,8.8,,1.1,,,,,,2007-07-03,
/games/boxart/full_1519065AmericaFrontccc.jpg,The Texas Chain Saw Massacre,All,Action,Gun Interactive,Sumo Digital,,,,1.1,,,,,,2023-08-18,2024-02-28
/games/boxart/full_6971600AmericaFrontccc.jpg,TMNT,All,Action,Ubisoft,Ubisoft Montreal,,,,1.1,,,,,,2007-03-20,2020-11-29
/games/boxart/full_135821AmericaFrontccc.jpg,Toy Story 3: The Video Game,PS3,Action,Disney Interactive Studios,Avalanche Software,,7.5,,,1.09,0.51,,0.41,0.17,2010-06-15,
/games/boxart/1395823ccc.jpg,Bully: Scholarship Edition,X360,Action,Rockstar Games,Rockstar Vancouver/Mad Doc Software,,8.1,10.0,,1.09,0.53,0.03,0.42,0.11,2008-03-05,
/games/boxart/full_8476621AmericaFrontccc.jpg,Star Wars: The Force Unleashed,PSP,Action,LucasArts,Krome Studios,,7.1,,,1.09,0.43,,0.41,0.24,2008-09-16,
/games/boxart/full_7602742AmericaFrontccc.jpg,The Godfather,PS2,Action,Electronic Arts,Headgate,,,,,1.09,0.89,0.01,0.03,0.15,2006-03-21,
/games/boxart/full_dantes-inferno_129AmericaFront.jpg,Dante's Inferno,PS3,Action,Electronic Arts,Visceral Games,7.2,7.3,8.3,,1.08,0.64,0.04,0.28,0.12,2010-02-09,
/games/boxart/4632781ccc.jpg,Disney's Lilo & Stitch,GBA,Action,Disney Interactive Studios,Digital Eclipse,,8.0,,,1.08,0.77,,0.29,0.02,2002-06-07,
/games/boxart/full_9926100AmericaFrontccc.jpg,LEGO Star Wars II: The Original Trilogy,DS,Action,LucasArts,Amaze Entertainment,,4.9,,,1.07,0.96,,0.03,0.08,2006-09-12,
/games/boxart/full_8318030AmericaFrontccc.jpg,Bayonetta 3,NS,Action,Nintendo,PlatinumGames,7.5,,,1.07,,,,,,2022-10-28,2017-12-31
/games/boxart/5722852ccc.jpg,Hulk,PS2,Action,Universal Interactive,Radical Entertainment,,,,,1.06,0.52,,0.41,0.14,2003-05-27,
/games/boxart/full_6559707AmericaFrontccc.jpg,Darksiders,X360,Action,THQ,Vigil Games,8.2,7.8,,,1.06,0.67,0.01,0.28,0.1,2010-01-05,
/games/boxart/full_232092AmericaFrontccc.jpeg,Lego Marvel Super Heroes: Universe in Peril,3DS,Action,Warner Bros. Interactive Entertainment,TT Fusion,,,,,1.05,0.42,0.04,0.5,0.08,2013-10-22,2018-01-04
/games/boxart/full_510563AmericaFrontccc.jpg,Naruto to Boruto: Shinobi Striker,XOne,Action,Bandai Namco Games,Soleil Software Studio Inc.,,,,1.05,,,,,,2018-08-31,2018-09-12
/games/boxart/full_5238836AmericaFrontccc.jpg,The Evil Within 2,PS4,Action,Bethesda Softworks,Tango Gameworks,,,,,1.05,0.31,0.09,0.49,0.15,2017-10-13,2018-05-10
/games/boxart/full_disney-universe_91AmericaFront.jpg,Disney Universe,Wii,Action,Disney Interactive Studios,Disney Interactive Studios,,,,,1.05,0.66,,0.28,0.1,2011-10-25,
/games/boxart/full_4549936AmericaFrontccc.jpg,Super Hexagon,PC,Action,Unknown,Terry Cavanagh,,,,1.05,,,,,,,2019-02-05
/games/boxart/full_lego-pirates-of-the-caribbean-the-video-game_84AmericaFront.jpg,LEGO Pirates of the Caribbean: The Video Game,X360,Action,Disney Interactive Studios,Traveller's Tales,,7.2,,,1.04,0.54,,0.4,0.1,2011-05-10,
/games/boxart/full_5960719AmericaFrontccc.jpg,Resident Evil VII: Biohazard,XOne,Action,Capcom,Capcom,,7.9,,1.04,,,,,,2017-01-24,2018-01-15
/games/boxart/full_5866457AmericaFrontccc.jpg,Guinness World Records: The Videogame,Wii,Action,Warner Bros. Interactive,Traveller's Tales,,,,,1.03,0.46,,0.47,0.11,2008-11-11,
